{
  "project_info": {
    "project_number": "757957707344",
    "firebase_url": "https://fuse-237005-3823f.firebaseio.com",
    "project_id": "fuse-237005",
    "storage_bucket": "fuse-237005.appspot.com"
  },
  "client": [
    {
      "client_info": {
        "mobilesdk_app_id": "1:757957707344:android:fbb6af98e306791a",
        "android_client_info": {
          "package_name": "com.team8.fuse"
        }
      },
      "oauth_client": [
        {
          "client_id": "757957707344-l81h8j1rnfegsu1pkkin3e8rpb0i1t6i.apps.googleusercontent.com",
          "client_type": 1,
          "android_info": {
            "package_name": "com.team8.fuse",
            "certificate_hash": "b8bacecec7b88c6e2cb677102c435db326e701d3"
          }
        },
        {
          "client_id": "757957707344-dm3t7rkmccl3l2gpn24h7m882ahvt8r1.apps.googleusercontent.com",
          "client_type": 3
        }
      ],
      "api_key": [
        {
          "current_key": "AIzaSyDCvABtH2PGZ_x8jgWxl-SIbAKUdbH7asE"
        }
      ],
      "services": {
        "appinvite_service": {
          "other_platform_oauth_client": [
            {
              "client_id": "757957707344-dm3t7rkmccl3l2gpn24h7m882ahvt8r1.apps.googleusercontent.com",
              "client_type": 3
            }
          ]
        }
      }
    }
  ],
  "configuration_version": "1"
}