{
  "project_info": {
    "project_number": "906090187471",
    "firebase_url": "https://fuse-1554736271161.firebaseio.com",
    "project_id": "fuse-1554736271161",
    "storage_bucket": "fuse-1554736271161.appspot.com"
  },
  "client": [
    {
      "client_info": {
        "mobilesdk_app_id": "1:906090187471:android:626c6b641884c133",
        "android_client_info": {
          "package_name": "com.example.fuse"
        }
      },
      "oauth_client": [
        {
          "client_id": "906090187471-m66llhbdml0kvh9shcib2871b929j8aj.apps.googleusercontent.com",
          "client_type": 1,
          "android_info": {
            "package_name": "com.example.fuse",
            "certificate_hash": "ad7ed3f4ec6468cb799bf289e9db2bd0231ce5bc"
          }
        },
        {
          "client_id": "906090187471-iajbros16i4ffmgvej1u1i33fl7d9k8i.apps.googleusercontent.com",
          "client_type": 3
        }
      ],
      "api_key": [
        {
          "current_key": "AIzaSyBhk1VAMZCVwoF5-4PqbJfvnutZsxHb1cA"
        }
      ],
      "services": {
        "appinvite_service": {
          "other_platform_oauth_client": [
            {
              "client_id": "906090187471-iajbros16i4ffmgvej1u1i33fl7d9k8i.apps.googleusercontent.com",
              "client_type": 3
            }
          ]
        }
      }
    }
  ],
  "configuration_version": "1"
}